characteristic,bin,accounts,bad_rate,woe,points
recent_status,"(-inf, -1.5]",1915,0.13,0.6404,11.0
recent_status,"(-1.5, -0.5]",3968,0.1699,0.3274,5.6
recent_status,"(-0.5, 0.5]",10369,0.1295,0.6462,11.1
recent_status,"(0.5, 1.5]",2578,0.3367,-0.5809,-9.9
recent_status,"(1.5, 2.5]",1862,0.6933,-2.074,-35.5
recent_status,"(2.5, inf]",308,0.7143,-2.1716,-37.2
months_late_6m,"(-inf, 0.5]",13990,0.1172,0.76,3.6
months_late_6m,"(0.5, 1.5]",3090,0.3091,-0.4544,-2.2
months_late_6m,"(1.5, 2.5]",1344,0.3899,-0.8112,-3.9
months_late_6m,"(2.5, 3.5]",792,0.5063,-1.2839,-6.1
months_late_6m,"(3.5, 4.5]",666,0.5661,-1.5241,-7.3
months_late_6m,"(4.5, inf]",1118,0.6691,-1.9619,-9.4
worst_late_6m,"(-inf, -1.5]",1440,0.1347,0.599,5.8
worst_late_6m,"(-1.5, -0.5]",2162,0.1452,0.5125,4.9
worst_late_6m,"(-0.5, 0.5]",10388,0.109,0.8422,8.1
worst_late_6m,"(0.5, 1.5]",1186,0.2479,-0.1499,-1.4
worst_late_6m,"(1.5, 2.5]",5012,0.4399,-1.0173,-9.8
worst_late_6m,"(2.5, 3.5]",538,0.6134,-1.7193,-16.6
worst_late_6m,"(3.5, inf]",274,0.6423,-1.8419,-17.8
credit_limit,"(-inf, 30000.0]",2899,0.3525,-0.651,-8.9
credit_limit,"(30000.0, 50000.0]",2530,0.2727,-0.2783,-3.8
credit_limit,"(50000.0, 90000.0]",2614,0.2636,-0.2317,-3.2
credit_limit,"(90000.0, 140000.0]",2653,0.2371,-0.0905,-1.2
credit_limit,"(140000.0, 240000.0]",5381,0.1712,0.3183,4.4
credit_limit,"(240000.0, 330000.0]",2308,0.1499,0.4754,6.5
credit_limit,"(330000.0, inf]",2615,0.1331,0.6141,8.4
payment_ratio_3m,"(-inf, 0.035]",2625,0.3737,-0.7426,-7.1
payment_ratio_3m,"(0.035, 0.0816]",7875,0.2361,-0.0845,-0.8
payment_ratio_3m,"(0.0816, 0.201]",2625,0.2343,-0.075,-0.7
payment_ratio_3m,"(0.201, 1.0]",5340,0.1699,0.3276,3.1
payment_ratio_3m,"(1.0, inf]",2535,0.1116,0.8139,7.8
