feature_a,feature_b,mean_abs_interaction
DrivAge,BonusMalus,0.08427211
BonusMalus,Region,0.07174267
BonusMalus,VehBrand,0.04620377
DrivAge,Region,0.033825364
VehAge,BonusMalus,0.033120148
VehBrand,Region,0.031745158
logDensity,Region,0.030986374
BonusMalus,logDensity,0.029514413
logDensity,VehBrand,0.024799317
VehAge,VehBrand,0.022759948
DrivAge,VehBrand,0.02240543
VehAge,logDensity,0.02028857
VehAge,Region,0.01860218
VehGas,Region,0.015804369
DrivAge,logDensity,0.01561655
VehAge,DrivAge,0.013979871
BonusMalus,VehGas,0.013979123
DrivAge,VehGas,0.013135071
VehPower,DrivAge,0.012727298
VehPower,logDensity,0.012562996
VehAge,VehGas,0.011823251
logDensity,VehGas,0.011787701
VehPower,Region,0.0113305375
VehPower,BonusMalus,0.010448931
VehPower,VehBrand,0.009798228
VehBrand,VehGas,0.009483577
VehPower,VehAge,0.008662771
VehPower,VehGas,0.008584063
