term,coef,se,p_value,relativity
VehPowerBand_ohe_8,-0.019168071101809882,0.03179921591368169,0.5466521297672526,0.9810144682036703
VehPowerBand_ohe_9,0.15177742113993895,0.02485176178088844,1.0132410466212605e-09,1.1639011478086538
VehPowerBand_ohe_4,-0.07896336770385792,0.02382639742126777,0.0009193442454775713,0.9240737747692499
VehPowerBand_ohe_5,-0.02811648640323603,0.021423539727288554,0.18938154135974372,0.9722751033748023
VehPowerBand_ohe_7,-0.017881689433430097,0.02104292814920011,0.39545190471280356,0.9822772392606186
VehAgeBand_ohe_0,0.0990562520453412,0.04666465861732945,0.03377687661125961,1.1041284072932516
VehAgeBand_ohe_6-10,-0.007735123990322903,0.017733839003506197,0.6627070337057368,0.9922947150953404
VehAgeBand_ohe_11+,-0.19110848842089512,0.018788640103479463,0.0,0.8260429671927614
DrivAgeBand_ohe_18-20,0.10384407250804314,0.05989400219830589,0.08295401575275707,1.1094274511879425
DrivAgeBand_ohe_21-25,-0.28798242334294394,0.042022478496722256,7.228884157939319e-12,0.7497747706572379
DrivAgeBand_ohe_71+,0.050793075072128206,0.03055175020777058,0.09640738084191147,1.0521051639720014
DrivAgeBand_ohe_26-30,-0.4550533754769337,0.035561615208928615,0.0,0.6344141048890858
DrivAgeBand_ohe_41-50,0.14632768551389647,0.020656274163244694,1.4011014570769476e-12,1.1575754466137316
DrivAgeBand_ohe_31-40,-0.17139586036873172,0.024242676630969774,1.5494272531668685e-12,0.8424879998414166
VehBrand_ohe_B14,0.07855550261616857,0.09999777627707744,0.43211798348574804,1.0817233919743865
VehBrand_ohe_B13,0.29059498409238804,0.052267003250709106,2.7005734315466157e-08,1.3372228777201207
VehBrand_ohe_B11,0.43079812747247814,0.04867731282457103,0.0,1.5384849407626424
VehBrand_ohe_B10,0.24296006632540837,0.046286792468896554,1.529146551604299e-07,1.2750177069596034
VehBrand_ohe_B4,0.25762415784846865,0.03986250956364789,1.0277068085429164e-10,1.2938524429438019
VehBrand_ohe_B6,0.273806893108004,0.038130591680850354,6.932232565759477e-13,1.3149608497167373
VehBrand_ohe_B5,0.31112961430709657,0.03529065844714108,0.0,1.3649661288600334
VehBrand_ohe_B3,0.3035139122013293,0.031119291619651455,0.0,1.3546104364240505
VehBrand_ohe_B2,0.2470112765987912,0.025855201813488587,0.0,1.2801935489259009
VehBrand_ohe_B1,0.2320976727339887,0.02591380957747266,0.0,1.2612429118558448
VehGas_ohe_Diesel,0.16672998447911286,0.014897740067679344,0.0,1.181435216390872
Region_ohe_R43,-0.06286878908674642,0.18032968504260577,0.7273652246272637,0.939066681402731
Region_ohe_R42,0.012927484708762918,0.11831323515510048,0.9129923795721169,1.0130114058791773
Region_ohe_R21,-0.033859197239162156,0.12925289420517835,0.7933516303146928,0.9667076101556983
Region_ohe_R94,0.14257698157800494,0.09761852117519679,0.14413827180390903,1.1532418559181974
Region_ohe_R74,0.33318665809918574,0.08045171428988716,3.4511887093469085e-05,1.3954077383184675
Region_ohe_R83,-0.0446456043965087,0.09468825647638858,0.6372830300033883,0.9563363431795494
Region_ohe_R22,0.1725332165879123,0.06382876367779128,0.0068703570379742285,1.1883112916059237
Region_ohe_R23,-0.06815836158097976,0.07756900164656008,0.37957458746361095,0.934112534325827
Region_ohe_R26,0.009664796982435735,0.06165942698481547,0.8754459470721478,1.0097116519590856
Region_ohe_R25,-0.020866182624236625,0.05438560775649288,0.7012222804999977,0.9793500098494682
Region_ohe_R41,-0.10146773408692011,0.0540960114061268,0.06069687833851356,0.90351033145773
Region_ohe_R73,-0.22059881384877272,0.05959869487482941,0.0002144102558059302,0.8020383824464458
Region_ohe_R54,0.028928085486716167,0.04242084008378688,0.4952825883933565,1.0293505665683291
Region_ohe_R31,0.03805787913721556,0.03969834420663813,0.33772162059923927,1.0387913554859611
Region_ohe_R72,0.053069221780030165,0.03766431455998504,0.15883357785054586,1.0545026371425974
Region_ohe_R91,-0.019832198915911627,0.03810317106822518,0.6027243012909755,0.980363165507357
Region_ohe_R52,0.02605599402150059,0.03167001957019805,0.41065941722823607,1.026398419039567
Region_ohe_R53,-0.015440938517731644,0.029711566942892273,0.6032765070606354,0.9846776615566096
Region_ohe_R11,-0.028149013656123646,0.030940403267047313,0.36293763082727315,0.9722434784509772
Region_ohe_R93,0.10970937803774572,0.026517884099752326,3.515934561182377e-05,1.1159537026720976
Region_ohe_R82,0.18428495960317542,0.02366873791779023,6.8833827526759706e-15,1.2023583978559271
BonusMalusBand_ohe_126+,2.2961761009315143,0.08739620760995194,0.0,9.936115017222232
BonusMalusBand_ohe_101-125,2.049645091609418,0.03948285164746193,0.0,7.765144702191341
BonusMalusBand_ohe_81-90,1.1179663480058317,0.04589446594396236,0.0,3.0586276898573095
BonusMalusBand_ohe_91-100,1.5435879852700476,0.0437330650108184,0.0,4.681356813237352
BonusMalusBand_ohe_51-55,0.19863344629651794,0.033222007919774005,2.2455051151837324e-09,1.2197347856441463
BonusMalusBand_ohe_56-60,0.4726761642467866,0.031326907985766136,0.0,1.6042817750499978
BonusMalusBand_ohe_61-70,0.8218473554297141,0.027488488363933476,0.0,2.2746981344147383
BonusMalusBand_ohe_71-80,0.8024066979299348,0.028819169741664968,0.0,2.230903583795302
logDensity,0.07231890277041254,0.004456798391693366,0.0,1.0749981092817582
b12_new_vehicle,-0.23148979232043107,0.0682000067891235,0.0006880976778940173,0.7933507937324803
above_floor_older_driver,0.3561097032713779,0.03179997775922141,0.0,1.4277641700729387
entry_level_bm_mature_driver,-0.3204619136694276,0.046597980759927056,6.105782546228511e-12,0.7258136963626165
(intercept),-3.6745110405211534,0.03987220991375325,0.0,0.025361803385617682
